,run_id,step,n_samples,jitter,eps,min_pts,DBSCAN
0,0,0,1000,0.15,0.7000000000000001,34,0.0
1,0,1,1000,0.15,0.7000000000000001,34,2.6027032913109256e-15
2,0,2,1000,0.15,0.7000000000000001,34,0.0
3,0,3,1000,0.15,0.7000000000000001,34,0.0
4,0,4,1000,0.15,0.7000000000000001,34,0.0
5,0,5,1000,0.15,0.7000000000000001,34,0.0
6,0,6,1000,0.15,0.7000000000000001,34,0.0
7,0,7,1000,0.15,0.7000000000000001,34,0.0
8,0,8,1000,0.15,0.7000000000000001,34,0.0
9,0,9,1000,0.15,0.7000000000000001,34,0.0
10,0,0,1000,0.15,0.6000000000000001,35,0.0
11,0,1,1000,0.15,0.6000000000000001,35,2.6027032913109256e-15
12,0,2,1000,0.15,0.6000000000000001,35,0.0
13,0,3,1000,0.15,0.6000000000000001,35,0.0
14,0,4,1000,0.15,0.6000000000000001,35,2.6027032913109256e-15
15,0,5,1000,0.15,0.6000000000000001,35,0.0
16,0,6,1000,0.15,0.6000000000000001,35,0.0
17,0,7,1000,0.15,0.6000000000000001,35,0.0
18,0,8,1000,0.15,0.6000000000000001,35,0.0
19,0,9,1000,0.15,0.6000000000000001,35,0.0
20,0,0,1000,0.15,0.2,77,0.0
21,0,1,1000,0.15,0.2,77,0.0
22,0,2,1000,0.15,0.2,77,0.0
23,0,3,1000,0.15,0.2,77,0.0
24,0,4,1000,0.15,0.2,77,0.0
25,0,5,1000,0.15,0.2,77,0.0
26,0,6,1000,0.15,0.2,77,0.0
27,0,7,1000,0.15,0.2,77,0.0
28,0,8,1000,0.15,0.2,77,0.0
29,0,9,1000,0.15,0.2,77,0.0
30,0,0,1000,0.15,1.0,15,0.0
31,0,1,1000,0.15,1.0,15,0.0
32,0,2,1000,0.15,1.0,15,0.0
33,0,3,1000,0.15,1.0,15,0.0
34,0,4,1000,0.15,1.0,15,0.0
35,0,5,1000,0.15,1.0,15,0.0
36,0,6,1000,0.15,1.0,15,0.0
37,0,7,1000,0.15,1.0,15,0.0
38,0,8,1000,0.15,1.0,15,0.0
39,0,9,1000,0.15,1.0,15,0.0
40,0,0,1000,0.15,0.9,6,0.0
41,0,1,1000,0.15,0.9,6,0.0
42,0,2,1000,0.15,0.9,6,0.0
43,0,3,1000,0.15,0.9,6,0.0
44,0,4,1000,0.15,0.9,6,0.0
45,0,5,1000,0.15,0.9,6,0.0
46,0,6,1000,0.15,0.9,6,0.0
47,0,7,1000,0.15,0.9,6,0.0
48,0,8,1000,0.15,0.9,6,0.0
49,0,9,1000,0.15,0.9,6,0.0
50,0,0,1000,0.15,0.30000000000000004,99,0.0
51,0,1,1000,0.15,0.30000000000000004,99,0.0
52,0,2,1000,0.15,0.30000000000000004,99,0.0
53,0,3,1000,0.15,0.30000000000000004,99,0.0
54,0,4,1000,0.15,0.30000000000000004,99,0.0
55,0,5,1000,0.15,0.30000000000000004,99,0.0
56,0,6,1000,0.15,0.30000000000000004,99,0.0
57,0,7,1000,0.15,0.30000000000000004,99,0.0
58,0,8,1000,0.15,0.30000000000000004,99,0.0
59,0,9,1000,0.15,0.30000000000000004,99,0.0
60,0,0,1000,0.15,0.1,17,0.0
61,0,1,1000,0.15,0.1,17,0.0
62,0,2,1000,0.15,0.1,17,0.0
63,0,3,1000,0.15,0.1,17,0.0
64,0,4,1000,0.15,0.1,17,0.0
65,0,5,1000,0.15,0.1,17,0.0
66,0,6,1000,0.15,0.1,17,0.0
67,0,7,1000,0.15,0.1,17,0.0
68,0,8,1000,0.15,0.1,17,0.0
69,0,9,1000,0.15,0.1,17,0.0
70,0,0,1000,0.15,0.7000000000000001,62,0.0
71,0,1,1000,0.15,0.7000000000000001,62,2.6027032913109256e-15
72,0,2,1000,0.15,0.7000000000000001,62,0.0
73,0,3,1000,0.15,0.7000000000000001,62,0.0
74,0,4,1000,0.15,0.7000000000000001,62,2.6027032913109256e-15
75,0,5,1000,0.15,0.7000000000000001,62,0.0
76,0,6,1000,0.15,0.7000000000000001,62,0.0
77,0,7,1000,0.15,0.7000000000000001,62,0.0
78,0,8,1000,0.15,0.7000000000000001,62,2.6027032913109256e-15
79,0,9,1000,0.15,0.7000000000000001,62,0.0
80,0,0,1000,0.15,0.6000000000000001,89,0.00041773130579206063
81,0,1,1000,0.15,0.6000000000000001,89,-0.0009785008526266067
82,0,2,1000,0.15,0.6000000000000001,89,-0.0004020187346547309
83,0,3,1000,0.15,0.6000000000000001,89,-0.0002596535579873572
84,0,4,1000,0.15,0.6000000000000001,89,-0.0009366126266470273
85,0,5,1000,0.15,0.6000000000000001,89,-0.001007167722846393
86,0,6,1000,0.15,0.6000000000000001,89,-0.0006914095587711794
87,0,7,1000,0.15,0.6000000000000001,89,-0.0010409273427672257
88,0,8,1000,0.15,0.6000000000000001,89,0.004501262639119358
89,0,9,1000,0.15,0.6000000000000001,89,0.002948401598098872
90,0,0,1000,0.15,0.2,61,0.0
91,0,1,1000,0.15,0.2,61,0.0
92,0,2,1000,0.15,0.2,61,0.0
93,0,3,1000,0.15,0.2,61,0.0
94,0,4,1000,0.15,0.2,61,0.0
95,0,5,1000,0.15,0.2,61,0.0
96,0,6,1000,0.15,0.2,61,0.0
97,0,7,1000,0.15,0.2,61,0.0
98,0,8,1000,0.15,0.2,61,0.0
99,0,9,1000,0.15,0.2,61,0.0
100,0,0,1000,0.15,0.4,99,0.0
101,0,1,1000,0.15,0.4,99,0.0
102,0,2,1000,0.15,0.4,99,0.0
103,0,3,1000,0.15,0.4,99,0.0
104,0,4,1000,0.15,0.4,99,0.0
105,0,5,1000,0.15,0.4,99,0.0
106,0,6,1000,0.15,0.4,99,0.0
107,0,7,1000,0.15,0.4,99,0.0
108,0,8,1000,0.15,0.4,99,0.0
109,0,9,1000,0.15,0.4,99,0.0
110,0,0,1000,0.15,0.8,77,0.0
111,0,1,1000,0.15,0.8,77,0.0
112,0,2,1000,0.15,0.8,77,0.0
113,0,3,1000,0.15,0.8,77,0.0
114,0,4,1000,0.15,0.8,77,0.0
115,0,5,1000,0.15,0.8,77,0.0
116,0,6,1000,0.15,0.8,77,0.0
117,0,7,1000,0.15,0.8,77,0.0
118,0,8,1000,0.15,0.8,77,2.6027032913109256e-15
119,0,9,1000,0.15,0.8,77,0.0
120,0,0,1000,0.15,0.5,77,0.6486870405167043
121,0,1,1000,0.15,0.5,77,0.6290615144584273
122,0,2,1000,0.15,0.5,77,0.6525407674314249
123,0,3,1000,0.15,0.5,77,0.7326413592233887
124,0,4,1000,0.15,0.5,77,0.754861014439926
125,0,5,1000,0.15,0.5,77,0.587826374406668
126,0,6,1000,0.15,0.5,77,0.692339321061807
127,0,7,1000,0.15,0.5,77,0.7348163038567967
128,0,8,1000,0.15,0.5,77,0.628526483151723
129,0,9,1000,0.15,0.5,77,0.7300937077924485
130,0,0,1000,0.15,0.5,85,0.5555275958840723
131,0,1,1000,0.15,0.5,85,0.5664812643762197
132,0,2,1000,0.15,0.5,85,0.5380894246694262
133,0,3,1000,0.15,0.5,85,0.5801243633631099
134,0,4,1000,0.15,0.5,85,0.5896557104854762
135,0,5,1000,0.15,0.5,85,0.530271931815584
136,0,6,1000,0.15,0.5,85,0.5141364264018212
137,0,7,1000,0.15,0.5,85,0.6087840852259925
138,0,8,1000,0.15,0.5,85,0.5936190513000891
139,0,9,1000,0.15,0.5,85,0.6251681257505576
140,0,0,1000,0.15,0.4,79,0.3212249280714454
141,0,1,1000,0.15,0.4,79,0.2678429320864118
142,0,2,1000,0.15,0.4,79,0.2952451919288852
143,0,3,1000,0.15,0.4,79,0.2938954181731524
144,0,4,1000,0.15,0.4,79,0.25601035361127905
145,0,5,1000,0.15,0.4,79,0.17194910526767537
146,0,6,1000,0.15,0.4,79,0.2794073437902713
147,0,7,1000,0.15,0.4,79,0.1699262042643009
148,0,8,1000,0.15,0.4,79,0.30318966500639905
149,0,9,1000,0.15,0.4,79,0.16530752529424708
150,0,0,1000,0.15,0.5,60,-0.0008737255753410288
151,0,1,1000,0.15,0.5,60,-0.0013010005705689327
152,0,2,1000,0.15,0.5,60,0.00043235149545771607
153,0,3,1000,0.15,0.5,60,-0.0014174456895035851
154,0,4,1000,0.15,0.5,60,-0.0013010005705689327
155,0,5,1000,0.15,0.5,60,0.003916727758936119
156,0,6,1000,0.15,0.5,60,0.003916727758936119
157,0,7,1000,0.15,0.5,60,0.0013909131209053887
158,0,8,1000,0.15,0.5,60,0.002948401598098872
159,0,9,1000,0.15,0.5,60,0.0012544021116478853
160,0,0,1000,0.15,0.5,89,0.5055565085263681
161,0,1,1000,0.15,0.5,89,0.4337046479786659
162,0,2,1000,0.15,0.5,89,0.5048011346691953
163,0,3,1000,0.15,0.5,89,0.5362103652784646
164,0,4,1000,0.15,0.5,89,0.5595265911409433
165,0,5,1000,0.15,0.5,89,0.4804703389250346
166,0,6,1000,0.15,0.5,89,0.47540770383961767
167,0,7,1000,0.15,0.5,89,0.5194734948227515
168,0,8,1000,0.15,0.5,89,0.5245926352085889
169,0,9,1000,0.15,0.5,89,0.5819953309821773
170,0,0,1000,0.15,0.4,49,0.7926354226036515
171,0,1,1000,0.15,0.4,49,0.7893703733563447
172,0,2,1000,0.15,0.4,49,0.7627027131142532
173,0,3,1000,0.15,0.4,49,0.8458195015723501
174,0,4,1000,0.15,0.4,49,0.8236741093932582
175,0,5,1000,0.15,0.4,49,0.7070439893523912
176,0,6,1000,0.15,0.4,49,0.8181939312684349
177,0,7,1000,0.15,0.4,49,0.8594348232473612
178,0,8,1000,0.15,0.4,49,0.7464479573473545
179,0,9,1000,0.15,0.4,49,0.8137052196504455
180,0,0,1000,0.15,0.30000000000000004,44,0.5025682681378211
181,0,1,1000,0.15,0.30000000000000004,44,0.36575819634949014
182,0,2,1000,0.15,0.30000000000000004,44,0.47153289693460027
183,0,3,1000,0.15,0.30000000000000004,44,0.3946855676497834
184,0,4,1000,0.15,0.30000000000000004,44,0.4358677183913207
185,0,5,1000,0.15,0.30000000000000004,44,0.3587428409238106
186,0,6,1000,0.15,0.30000000000000004,44,0.3845082093095943
187,0,7,1000,0.15,0.30000000000000004,44,0.4353951628948835
188,0,8,1000,0.15,0.30000000000000004,44,0.4995997055083738
189,0,9,1000,0.15,0.30000000000000004,44,0.4312043959790955
190,0,0,1000,0.15,0.4,49,0.7926354226036515
191,0,1,1000,0.15,0.4,49,0.7893703733563447
192,0,2,1000,0.15,0.4,49,0.7627027131142532
193,0,3,1000,0.15,0.4,49,0.8458195015723501
194,0,4,1000,0.15,0.4,49,0.8236741093932582
195,0,5,1000,0.15,0.4,49,0.7070439893523912
196,0,6,1000,0.15,0.4,49,0.8181939312684349
197,0,7,1000,0.15,0.4,49,0.8594348232473612
198,0,8,1000,0.15,0.4,49,0.7464479573473545
199,0,9,1000,0.15,0.4,49,0.8137052196504455
200,0,0,1000,0.15,0.1,49,0.0
201,0,1,1000,0.15,0.1,49,0.0
202,0,2,1000,0.15,0.1,49,0.0
203,0,3,1000,0.15,0.1,49,0.0
204,0,4,1000,0.15,0.1,49,0.0
205,0,5,1000,0.15,0.1,49,0.0
206,0,6,1000,0.15,0.1,49,0.0
207,0,7,1000,0.15,0.1,49,0.0
208,0,8,1000,0.15,0.1,49,0.0
209,0,9,1000,0.15,0.1,49,0.0
210,0,0,1000,0.15,0.4,39,-0.00077482827497245
211,0,1,1000,0.15,0.4,39,0.8187921584147073
212,0,2,1000,0.15,0.4,39,0.8448000609482101
213,0,3,1000,0.15,0.4,39,0.8586360659009966
214,0,4,1000,0.15,0.4,39,0.8262162704579296
215,0,5,1000,0.15,0.4,39,0.00043235149545771607
216,0,6,1000,0.15,0.4,39,0.8431445973182122
217,0,7,1000,0.15,0.4,39,-0.0014644221499941518
218,0,8,1000,0.15,0.4,39,0.8002716039409403
219,0,9,1000,0.15,0.4,39,0.8527557480678092
220,0,0,1000,0.15,0.30000000000000004,26,0.8103638035831676
221,0,1,1000,0.15,0.30000000000000004,26,0.8309994087628124
222,0,2,1000,0.15,0.30000000000000004,26,0.8538426663520673
223,0,3,1000,0.15,0.30000000000000004,26,0.8325495464090973
224,0,4,1000,0.15,0.30000000000000004,26,0.8252509018929455
225,0,5,1000,0.15,0.30000000000000004,26,0.7755890993254315
226,0,6,1000,0.15,0.30000000000000004,26,0.8526067027695075
227,0,7,1000,0.15,0.30000000000000004,26,0.8250855208944596
228,0,8,1000,0.15,0.30000000000000004,26,0.7745277423617426
229,0,9,1000,0.15,0.30000000000000004,26,0.8431282156896447
230,0,0,1000,0.15,0.30000000000000004,26,0.8103638035831676
231,0,1,1000,0.15,0.30000000000000004,26,0.8309994087628124
232,0,2,1000,0.15,0.30000000000000004,26,0.8538426663520673
233,0,3,1000,0.15,0.30000000000000004,26,0.8325495464090973
234,0,4,1000,0.15,0.30000000000000004,26,0.8252509018929455
235,0,5,1000,0.15,0.30000000000000004,26,0.7755890993254315
236,0,6,1000,0.15,0.30000000000000004,26,0.8526067027695075
237,0,7,1000,0.15,0.30000000000000004,26,0.8250855208944596
238,0,8,1000,0.15,0.30000000000000004,26,0.7745277423617426
239,0,9,1000,0.15,0.30000000000000004,26,0.8431282156896447
240,0,0,1000,0.15,0.2,24,0.2859382346525753
241,0,1,1000,0.15,0.2,24,0.252897803044335
242,0,2,1000,0.15,0.2,24,0.28927297273562025
243,0,3,1000,0.15,0.2,24,0.3012891106944669
244,0,4,1000,0.15,0.2,24,0.3156482250639532
245,0,5,1000,0.15,0.2,24,0.22895183523215631
246,0,6,1000,0.15,0.2,24,0.3193130269260582
247,0,7,1000,0.15,0.2,24,0.2783166054011589
248,0,8,1000,0.15,0.2,24,0.27877695311549544
249,0,9,1000,0.15,0.2,24,0.29355905953747374
250,0,0,1000,0.15,0.30000000000000004,26,0.8103638035831676
251,0,1,1000,0.15,0.30000000000000004,26,0.8309994087628124
252,0,2,1000,0.15,0.30000000000000004,26,0.8538426663520673
253,0,3,1000,0.15,0.30000000000000004,26,0.8325495464090973
254,0,4,1000,0.15,0.30000000000000004,26,0.8252509018929455
255,0,5,1000,0.15,0.30000000000000004,26,0.7755890993254315
256,0,6,1000,0.15,0.30000000000000004,26,0.8526067027695075
257,0,7,1000,0.15,0.30000000000000004,26,0.8250855208944596
258,0,8,1000,0.15,0.30000000000000004,26,0.7745277423617426
259,0,9,1000,0.15,0.30000000000000004,26,0.8431282156896447
260,0,0,1000,0.15,0.30000000000000004,3,0.0019678740909832193
261,0,1,1000,0.15,0.30000000000000004,3,0.004033840038729443
262,0,2,1000,0.15,0.30000000000000004,3,-0.0002308111704738832
263,0,3,1000,0.15,0.30000000000000004,3,-0.0013392348928554362
264,0,4,1000,0.15,0.30000000000000004,3,-0.0019639383428120844
265,0,5,1000,0.15,0.30000000000000004,3,-0.0013252154887270539
266,0,6,1000,0.15,0.30000000000000004,3,-0.0013392348928554362
267,0,7,1000,0.15,0.30000000000000004,3,-0.0019639383428120844
268,0,8,1000,0.15,0.30000000000000004,3,-0.0019639383428120844
269,0,9,1000,0.15,0.30000000000000004,3,2.6027032913109256e-15
270,0,0,1000,0.15,0.1,23,0.0
271,0,1,1000,0.15,0.1,23,0.0
272,0,2,1000,0.15,0.1,23,0.0
273,0,3,1000,0.15,0.1,23,0.0
274,0,4,1000,0.15,0.1,23,0.0
275,0,5,1000,0.15,0.1,23,0.0
276,0,6,1000,0.15,0.1,23,0.0
277,0,7,1000,0.15,0.1,23,0.0
278,0,8,1000,0.15,0.1,23,0.0
279,0,9,1000,0.15,0.1,23,0.0
280,0,0,1000,0.15,0.2,28,0.20657109831666823
281,0,1,1000,0.15,0.2,28,0.1637901164918355
282,0,2,1000,0.15,0.2,28,0.22251662842205
283,0,3,1000,0.15,0.2,28,0.21263800999868068
284,0,4,1000,0.15,0.2,28,0.2236642413380711
285,0,5,1000,0.15,0.2,28,0.1362835471880275
286,0,6,1000,0.15,0.2,28,0.20790749490356872
287,0,7,1000,0.15,0.2,28,0.15093748327477793
288,0,8,1000,0.15,0.2,28,0.15238141879303
289,0,9,1000,0.15,0.2,28,0.11970503530195294
290,0,0,1000,0.15,0.30000000000000004,11,0.0010717661423668878
291,0,1,1000,0.15,0.30000000000000004,11,-0.0002308111704738832
292,0,2,1000,0.15,0.30000000000000004,11,-0.0002308111704738832
293,0,3,1000,0.15,0.30000000000000004,11,0.0013909131209053887
294,0,4,1000,0.15,0.30000000000000004,11,-0.0013252154887270539
295,0,5,1000,0.15,0.30000000000000004,11,-0.00077482827497245
296,0,6,1000,0.15,0.30000000000000004,11,-0.0013010005705689327
297,0,7,1000,0.15,0.30000000000000004,11,0.0013909131209053887
298,0,8,1000,0.15,0.30000000000000004,11,-0.0006043380522977346
299,0,9,1000,0.15,0.30000000000000004,11,-0.0002308111704738832
300,0,0,1000,0.15,0.30000000000000004,28,0.7857337655972906
301,0,1,1000,0.15,0.30000000000000004,28,0.8032059797198138
302,0,2,1000,0.15,0.30000000000000004,28,0.8291128836799274
303,0,3,1000,0.15,0.30000000000000004,28,0.8244153472463571
304,0,4,1000,0.15,0.30000000000000004,28,0.8170161091085743
305,0,5,1000,0.15,0.30000000000000004,28,0.7739822049099447
306,0,6,1000,0.15,0.30000000000000004,28,0.8307515541296779
307,0,7,1000,0.15,0.30000000000000004,28,0.8341776529101093
308,0,8,1000,0.15,0.30000000000000004,28,0.7830539153351953
309,0,9,1000,0.15,0.30000000000000004,28,0.8272922787815402
310,0,0,1000,0.15,0.30000000000000004,31,0.7529905644899721
311,0,1,1000,0.15,0.30000000000000004,31,0.7521418164428163
312,0,2,1000,0.15,0.30000000000000004,31,0.7588883710997419
313,0,3,1000,0.15,0.30000000000000004,31,0.8050216851489305
314,0,4,1000,0.15,0.30000000000000004,31,0.8123306989847211
315,0,5,1000,0.15,0.30000000000000004,31,0.739650591035316
316,0,6,1000,0.15,0.30000000000000004,31,0.8146798999345614
317,0,7,1000,0.15,0.30000000000000004,31,0.8027610736827314
318,0,8,1000,0.15,0.30000000000000004,31,0.7364842117319803
319,0,9,1000,0.15,0.30000000000000004,31,0.8000492602592315
320,0,0,1000,0.15,0.2,37,0.0
321,0,1,1000,0.15,0.2,37,0.0
322,0,2,1000,0.15,0.2,37,0.0
323,0,3,1000,0.15,0.2,37,0.0
324,0,4,1000,0.15,0.2,37,0.0
325,0,5,1000,0.15,0.2,37,0.0
326,0,6,1000,0.15,0.2,37,0.0
327,0,7,1000,0.15,0.2,37,0.0
328,0,8,1000,0.15,0.2,37,0.0
329,0,9,1000,0.15,0.2,37,0.0
330,0,0,1000,0.15,0.30000000000000004,22,0.8331998325975893
331,0,1,1000,0.15,0.30000000000000004,22,0.847360195792392
332,0,2,1000,0.15,0.30000000000000004,22,0.8569487105033997
333,0,3,1000,0.15,0.30000000000000004,22,0.8476033850987985
334,0,4,1000,0.15,0.30000000000000004,22,0.8533284788550667
335,0,5,1000,0.15,0.30000000000000004,22,-0.001007167722846393
336,0,6,1000,0.15,0.30000000000000004,22,0.0006242656347370648
337,0,7,1000,0.15,0.30000000000000004,22,0.8671316677215248
338,0,8,1000,0.15,0.30000000000000004,22,0.8302785519405697
339,0,9,1000,0.15,0.30000000000000004,22,-0.0005504116732181037
340,0,0,1000,0.15,0.2,16,0.5657406185171155
341,0,1,1000,0.15,0.2,16,0.5390038223539637
342,0,2,1000,0.15,0.2,16,0.592435863473882
343,0,3,1000,0.15,0.2,16,0.5334139170117799
344,0,4,1000,0.15,0.2,16,0.6459795313193069
345,0,5,1000,0.15,0.2,16,0.585601409034868
346,0,6,1000,0.15,0.2,16,0.5792958669198104
347,0,7,1000,0.15,0.2,16,0.7153411325446015
348,0,8,1000,0.15,0.2,16,0.6198147051219386
349,0,9,1000,0.15,0.2,16,0.6625279641466714
350,0,0,1000,0.15,0.4,32,-0.0013010005705689327
351,0,1,1000,0.15,0.4,32,-0.0015424734258117716
352,0,2,1000,0.15,0.4,32,-0.0013010005705689327
353,0,3,1000,0.15,0.4,32,-0.0006043380522977346
354,0,4,1000,0.15,0.4,32,-0.0013252154887270539
355,0,5,1000,0.15,0.4,32,-0.0013252154887270539
356,0,6,1000,0.15,0.4,32,0.00639120580682777
357,0,7,1000,0.15,0.4,32,-0.0016939024146384429
358,0,8,1000,0.15,0.4,32,-0.0012774079551173263
359,0,9,1000,0.15,0.4,32,-0.0013252154887270539
360,0,0,1000,0.15,0.30000000000000004,11,0.0010717661423668878
361,0,1,1000,0.15,0.30000000000000004,11,-0.0002308111704738832
362,0,2,1000,0.15,0.30000000000000004,11,-0.0002308111704738832
363,0,3,1000,0.15,0.30000000000000004,11,0.0013909131209053887
364,0,4,1000,0.15,0.30000000000000004,11,-0.0013252154887270539
365,0,5,1000,0.15,0.30000000000000004,11,-0.00077482827497245
366,0,6,1000,0.15,0.30000000000000004,11,-0.0013010005705689327
367,0,7,1000,0.15,0.30000000000000004,11,0.0013909131209053887
368,0,8,1000,0.15,0.30000000000000004,11,-0.0006043380522977346
369,0,9,1000,0.15,0.30000000000000004,11,-0.0002308111704738832
370,0,0,1000,0.15,0.1,40,0.0
371,0,1,1000,0.15,0.1,40,0.0
372,0,2,1000,0.15,0.1,40,0.0
373,0,3,1000,0.15,0.1,40,0.0
374,0,4,1000,0.15,0.1,40,0.0
375,0,5,1000,0.15,0.1,40,0.0
376,0,6,1000,0.15,0.1,40,0.0
377,0,7,1000,0.15,0.1,40,0.0
378,0,8,1000,0.15,0.1,40,0.0
379,0,9,1000,0.15,0.1,40,0.0
380,0,0,1000,0.15,0.6000000000000001,29,0.0
381,0,1,1000,0.15,0.6000000000000001,29,2.6027032913109256e-15
382,0,2,1000,0.15,0.6000000000000001,29,0.0
383,0,3,1000,0.15,0.6000000000000001,29,0.0
384,0,4,1000,0.15,0.6000000000000001,29,0.0
385,0,5,1000,0.15,0.6000000000000001,29,0.0
386,0,6,1000,0.15,0.6000000000000001,29,0.0
387,0,7,1000,0.15,0.6000000000000001,29,0.0
388,0,8,1000,0.15,0.6000000000000001,29,0.0
389,0,9,1000,0.15,0.6000000000000001,29,0.0
390,0,0,1000,0.15,0.2,19,0.5111326204783367
391,0,1,1000,0.15,0.2,19,0.3605626377511419
392,0,2,1000,0.15,0.2,19,0.43678872501974664
393,0,3,1000,0.15,0.2,19,0.4646638167506947
394,0,4,1000,0.15,0.2,19,0.47166671359369056
395,0,5,1000,0.15,0.2,19,0.3909886860844727
396,0,6,1000,0.15,0.2,19,0.41814280549753224
397,0,7,1000,0.15,0.2,19,0.498592328768167
398,0,8,1000,0.15,0.2,19,0.48117177401833366
399,0,9,1000,0.15,0.2,19,0.4712540747571108
400,0,0,1000,0.15,0.7000000000000001,10,0.0
401,0,1,1000,0.15,0.7000000000000001,10,2.6027032913109256e-15
402,0,2,1000,0.15,0.7000000000000001,10,0.0
403,0,3,1000,0.15,0.7000000000000001,10,0.0
404,0,4,1000,0.15,0.7000000000000001,10,0.0
405,0,5,1000,0.15,0.7000000000000001,10,0.0
406,0,6,1000,0.15,0.7000000000000001,10,0.0
407,0,7,1000,0.15,0.7000000000000001,10,0.0
408,0,8,1000,0.15,0.7000000000000001,10,0.0
409,0,9,1000,0.15,0.7000000000000001,10,0.0
410,0,0,1000,0.15,0.4,26,-0.0002308111704738832
411,0,1,1000,0.15,0.4,26,-0.0013392348928554362
412,0,2,1000,0.15,0.4,26,-0.0013392348928554362
413,0,3,1000,0.15,0.4,26,0.0010717661423668878
414,0,4,1000,0.15,0.4,26,-0.0002308111704738832
415,0,5,1000,0.15,0.4,26,-0.0016939024146384429
416,0,6,1000,0.15,0.4,26,0.0010717661423668878
417,0,7,1000,0.15,0.4,26,-0.0016939024146384429
418,0,8,1000,0.15,0.4,26,-0.0013010005705689327
419,0,9,1000,0.15,0.4,26,0.0
420,0,0,1000,0.15,0.4,55,0.7339559752346497
421,0,1,1000,0.15,0.4,55,0.6799579407151919
422,0,2,1000,0.15,0.4,55,0.7346152295584922
423,0,3,1000,0.15,0.4,55,0.8082771072404406
424,0,4,1000,0.15,0.4,55,0.7927518580511799
425,0,5,1000,0.15,0.4,55,0.6527189542258183
426,0,6,1000,0.15,0.4,55,0.7867847661089766
427,0,7,1000,0.15,0.4,55,0.7781815944612989
428,0,8,1000,0.15,0.4,55,0.6857746722873506
429,0,9,1000,0.15,0.4,55,0.7705983952925202
430,0,0,1000,0.15,0.30000000000000004,34,0.7165091867945951
431,0,1,1000,0.15,0.30000000000000004,34,0.6675890705633281
432,0,2,1000,0.15,0.30000000000000004,34,0.6415065721015929
433,0,3,1000,0.15,0.30000000000000004,34,0.6608930586207321
434,0,4,1000,0.15,0.30000000000000004,34,0.7756921563612199
435,0,5,1000,0.15,0.30000000000000004,34,0.6572656280677951
436,0,6,1000,0.15,0.30000000000000004,34,0.8030526984627667
437,0,7,1000,0.15,0.30000000000000004,34,0.7794023950148521
438,0,8,1000,0.15,0.30000000000000004,34,0.6760708624007108
439,0,9,1000,0.15,0.30000000000000004,34,0.7550285618289139
440,0,0,1000,0.15,0.2,46,0.0
441,0,1,1000,0.15,0.2,46,0.0
442,0,2,1000,0.15,0.2,46,0.0
443,0,3,1000,0.15,0.2,46,0.0
444,0,4,1000,0.15,0.2,46,0.0
445,0,5,1000,0.15,0.2,46,0.0
446,0,6,1000,0.15,0.2,46,0.0
447,0,7,1000,0.15,0.2,46,0.0
448,0,8,1000,0.15,0.2,46,0.0
449,0,9,1000,0.15,0.2,46,0.0
450,0,0,1000,0.15,0.4,19,0.0
451,0,1,1000,0.15,0.4,19,-0.0013392348928554362
452,0,2,1000,0.15,0.4,19,2.6027032913109256e-15
453,0,3,1000,0.15,0.4,19,-0.0019639383428120844
454,0,4,1000,0.15,0.4,19,2.6027032913109256e-15
455,0,5,1000,0.15,0.4,19,0.0019678740909832193
456,0,6,1000,0.15,0.4,19,0.0019678740909832193
457,0,7,1000,0.15,0.4,19,-0.0019639383428120844
458,0,8,1000,0.15,0.4,19,-0.0002308111704738832
459,0,9,1000,0.15,0.4,19,0.0
460,0,0,1000,0.15,0.5,43,0.004033840038729443
461,0,1,1000,0.15,0.5,43,-0.0002308111704738832
462,0,2,1000,0.15,0.5,43,-0.0002308111704738832
463,0,3,1000,0.15,0.5,43,-0.0013392348928554362
464,0,4,1000,0.15,0.5,43,-0.0013392348928554362
465,0,5,1000,0.15,0.5,43,-0.0013252154887270539
466,0,6,1000,0.15,0.5,43,2.6027032913109256e-15
467,0,7,1000,0.15,0.5,43,-0.0013392348928554362
468,0,8,1000,0.15,0.5,43,-0.0002308111704738832
469,0,9,1000,0.15,0.5,43,0.0
470,0,0,1000,0.15,0.30000000000000004,35,0.692017956761091
471,0,1,1000,0.15,0.30000000000000004,35,0.6622107397321538
472,0,2,1000,0.15,0.30000000000000004,35,0.6357950639499377
473,0,3,1000,0.15,0.30000000000000004,35,0.6481467157449026
474,0,4,1000,0.15,0.30000000000000004,35,0.7675756666679413
475,0,5,1000,0.15,0.30000000000000004,35,0.6505394612792427
476,0,6,1000,0.15,0.30000000000000004,35,0.7963695646116639
477,0,7,1000,0.15,0.30000000000000004,35,0.7723476779469538
478,0,8,1000,0.15,0.30000000000000004,35,0.6764449737835949
479,0,9,1000,0.15,0.30000000000000004,35,0.7383578019089262
480,0,0,1000,0.15,0.30000000000000004,67,0.0
481,0,1,1000,0.15,0.30000000000000004,67,0.0
482,0,2,1000,0.15,0.30000000000000004,67,0.0
483,0,3,1000,0.15,0.30000000000000004,67,0.0
484,0,4,1000,0.15,0.30000000000000004,67,0.0
485,0,5,1000,0.15,0.30000000000000004,67,0.0
486,0,6,1000,0.15,0.30000000000000004,67,0.0
487,0,7,1000,0.15,0.30000000000000004,67,0.0
488,0,8,1000,0.15,0.30000000000000004,67,0.0
489,0,9,1000,0.15,0.30000000000000004,67,0.0
490,0,0,1000,0.15,0.4,53,0.7565944171809995
491,0,1,1000,0.15,0.4,53,0.7439333108047886
492,0,2,1000,0.15,0.4,53,0.7397016484541322
493,0,3,1000,0.15,0.4,53,0.816983506729269
494,0,4,1000,0.15,0.4,53,0.79469434564973
495,0,5,1000,0.15,0.4,53,0.6800640721537478
496,0,6,1000,0.15,0.4,53,0.8053517586339822
497,0,7,1000,0.15,0.4,53,0.7983171112670995
498,0,8,1000,0.15,0.4,53,0.7311563194636445
499,0,9,1000,0.15,0.4,53,0.776494025970366
500,0,0,1000,0.15,0.5,14,0.0
501,0,1,1000,0.15,0.5,14,2.6027032913109256e-15
502,0,2,1000,0.15,0.5,14,0.0
503,0,3,1000,0.15,0.5,14,0.0
504,0,4,1000,0.15,0.5,14,2.6027032913109256e-15
505,0,5,1000,0.15,0.5,14,0.0
506,0,6,1000,0.15,0.5,14,0.0
507,0,7,1000,0.15,0.5,14,0.0
508,0,8,1000,0.15,0.5,14,0.0
509,0,9,1000,0.15,0.5,14,0.0
510,0,0,1000,0.15,0.4,58,0.6752471050465918
511,0,1,1000,0.15,0.4,58,0.6509614194622252
512,0,2,1000,0.15,0.4,58,0.675910151444538
513,0,3,1000,0.15,0.4,58,0.7394440444621648
514,0,4,1000,0.15,0.4,58,0.7643141023914862
515,0,5,1000,0.15,0.4,58,0.6235514122702142
516,0,6,1000,0.15,0.4,58,0.6991459729140138
517,0,7,1000,0.15,0.4,58,0.7490131103422168
518,0,8,1000,0.15,0.4,58,0.6673577541167355
519,0,9,1000,0.15,0.4,58,0.750407631383213
520,0,0,1000,0.15,0.6000000000000001,66,0.004033840038729443
521,0,1,1000,0.15,0.6000000000000001,66,-0.0013392348928554362
522,0,2,1000,0.15,0.6000000000000001,66,0.0010717661423668878
523,0,3,1000,0.15,0.6000000000000001,66,-0.0019639383428120844
524,0,4,1000,0.15,0.6000000000000001,66,-0.0002308111704738832
525,0,5,1000,0.15,0.6000000000000001,66,0.0024744386032052447
526,0,6,1000,0.15,0.6000000000000001,66,2.6027032913109256e-15
527,0,7,1000,0.15,0.6000000000000001,66,-0.0016939024146384429
528,0,8,1000,0.15,0.6000000000000001,66,-0.0006043380522977346
529,0,9,1000,0.15,0.6000000000000001,66,0.0
530,0,0,1000,0.15,0.30000000000000004,49,0.3301790717695976
531,0,1,1000,0.15,0.30000000000000004,49,0.2662370159712533
532,0,2,1000,0.15,0.30000000000000004,49,0.3364001809261037
533,0,3,1000,0.15,0.30000000000000004,49,0.284026497578003
534,0,4,1000,0.15,0.30000000000000004,49,0.3323957282048495
535,0,5,1000,0.15,0.30000000000000004,49,0.24560815377807407
536,0,6,1000,0.15,0.30000000000000004,49,0.29821193362086634
537,0,7,1000,0.15,0.30000000000000004,49,0.30287544411656314
538,0,8,1000,0.15,0.30000000000000004,49,0.2750269050910637
539,0,9,1000,0.15,0.30000000000000004,49,0.2880383615333074
540,0,0,1000,0.15,0.4,41,0.8311585653648597
541,0,1,1000,0.15,0.4,41,0.8345040322797574
542,0,2,1000,0.15,0.4,41,0.8498894065128946
543,0,3,1000,0.15,0.4,41,0.8473882566974773
544,0,4,1000,0.15,0.4,41,0.8479568951518488
545,0,5,1000,0.15,0.4,41,0.7690912603135323
546,0,6,1000,0.15,0.4,41,0.8379186502012786
547,0,7,1000,0.15,0.4,41,0.8299672183917319
548,0,8,1000,0.15,0.4,41,0.8099915531866783
549,0,9,1000,0.15,0.4,41,0.8426108285031828
550,0,0,1000,0.15,1.0,39,0.0
551,0,1,1000,0.15,1.0,39,0.0
552,0,2,1000,0.15,1.0,39,0.0
553,0,3,1000,0.15,1.0,39,0.0
554,0,4,1000,0.15,1.0,39,0.0
555,0,5,1000,0.15,1.0,39,0.0
556,0,6,1000,0.15,1.0,39,0.0
557,0,7,1000,0.15,1.0,39,0.0
558,0,8,1000,0.15,1.0,39,0.0
559,0,9,1000,0.15,1.0,39,0.0
560,0,0,1000,0.15,0.2,26,0.25280502921751746
561,0,1,1000,0.15,0.2,26,0.2239536563234333
562,0,2,1000,0.15,0.2,26,0.2532766622657447
563,0,3,1000,0.15,0.2,26,0.2689328689900651
564,0,4,1000,0.15,0.2,26,0.27812232028684136
565,0,5,1000,0.15,0.2,26,0.1698393949699572
566,0,6,1000,0.15,0.2,26,0.2727900035083754
567,0,7,1000,0.15,0.2,26,0.22411791550714794
568,0,8,1000,0.15,0.2,26,0.2406073425505672
569,0,9,1000,0.15,0.2,26,0.23410230405932253
570,0,0,1000,0.15,0.4,42,0.8325336502308616
571,0,1,1000,0.15,0.4,42,0.8515730582172809
572,0,2,1000,0.15,0.4,42,0.819970432883464
573,0,3,1000,0.15,0.4,42,0.8500658705408163
574,0,4,1000,0.15,0.4,42,0.8450389966462455
575,0,5,1000,0.15,0.4,42,0.7627698148500509
576,0,6,1000,0.15,0.4,42,0.8430661722181924
577,0,7,1000,0.15,0.4,42,0.8362419127528383
578,0,8,1000,0.15,0.4,42,0.8099915531866783
579,0,9,1000,0.15,0.4,42,0.8426108285031828
580,0,0,1000,0.15,0.5,31,0.0
581,0,1,1000,0.15,0.5,31,-0.0019639383428120844
582,0,2,1000,0.15,0.5,31,0.0
583,0,3,1000,0.15,0.5,31,2.6027032913109256e-15
584,0,4,1000,0.15,0.5,31,2.6027032913109256e-15
585,0,5,1000,0.15,0.5,31,2.6027032913109256e-15
586,0,6,1000,0.15,0.5,31,2.6027032913109256e-15
587,0,7,1000,0.15,0.5,31,0.0
588,0,8,1000,0.15,0.5,31,-0.0019639383428120844
589,0,9,1000,0.15,0.5,31,0.0
590,0,0,1000,0.15,0.4,43,0.8156667872846258
591,0,1,1000,0.15,0.4,43,0.8464959166777847
592,0,2,1000,0.15,0.4,43,0.8002038127804846
593,0,3,1000,0.15,0.4,43,0.8564887368720047
594,0,4,1000,0.15,0.4,43,0.8508488555214028
595,0,5,1000,0.15,0.4,43,0.7604503256177599
596,0,6,1000,0.15,0.4,43,0.8342692254740736
597,0,7,1000,0.15,0.4,43,0.845775680548
598,0,8,1000,0.15,0.4,43,0.7843055208533979
599,0,9,1000,0.15,0.4,43,0.8426108285031828
600,0,0,1000,0.15,0.5,45,0.004033840038729443
601,0,1,1000,0.15,0.5,45,-0.0002308111704738832
602,0,2,1000,0.15,0.5,45,0.0010717661423668878
603,0,3,1000,0.15,0.5,45,-0.0013392348928554362
604,0,4,1000,0.15,0.5,45,-0.0013392348928554362
605,0,5,1000,0.15,0.5,45,-0.0013252154887270539
606,0,6,1000,0.15,0.5,45,-0.0013392348928554362
607,0,7,1000,0.15,0.5,45,-0.0013392348928554362
608,0,8,1000,0.15,0.5,45,-0.0013252154887270539
609,0,9,1000,0.15,0.5,45,2.6027032913109256e-15
610,0,0,1000,0.15,0.4,36,-0.00077482827497245
611,0,1,1000,0.15,0.4,36,-0.0015424734258117716
612,0,2,1000,0.15,0.4,36,0.8316692751273044
613,0,3,1000,0.15,0.4,36,-0.0006043380522977346
614,0,4,1000,0.15,0.4,36,0.8359714623470016
615,0,5,1000,0.15,0.4,36,0.0017672193549176413
616,0,6,1000,0.15,0.4,36,0.003916727758936119
617,0,7,1000,0.15,0.4,36,-0.0016939024146384429
618,0,8,1000,0.15,0.4,36,-0.00015027003905323564
619,0,9,1000,0.15,0.4,36,-0.0014644221499941518
620,0,0,1000,0.15,0.30000000000000004,42,0.5254757383423073
621,0,1,1000,0.15,0.30000000000000004,42,0.4139651963244658
622,0,2,1000,0.15,0.30000000000000004,42,0.49192383531169703
623,0,3,1000,0.15,0.30000000000000004,42,0.42679067253697833
624,0,4,1000,0.15,0.30000000000000004,42,0.49981138323696866
625,0,5,1000,0.15,0.30000000000000004,42,0.4417264080805335
626,0,6,1000,0.15,0.30000000000000004,42,0.4304387734078242
627,0,7,1000,0.15,0.30000000000000004,42,0.4967250761622533
628,0,8,1000,0.15,0.30000000000000004,42,0.5270515166970673
629,0,9,1000,0.15,0.30000000000000004,42,0.5198679229240212
630,0,0,1000,0.15,0.4,23,0.0
631,0,1,1000,0.15,0.4,23,-0.0013392348928554362
632,0,2,1000,0.15,0.4,23,2.6027032913109256e-15
633,0,3,1000,0.15,0.4,23,0.0010717661423668878
634,0,4,1000,0.15,0.4,23,-0.0002308111704738832
635,0,5,1000,0.15,0.4,23,-0.0013392348928554362
636,0,6,1000,0.15,0.4,23,0.004033840038729443
637,0,7,1000,0.15,0.4,23,-0.0019639383428120844
638,0,8,1000,0.15,0.4,23,-0.0006043380522977346
639,0,9,1000,0.15,0.4,23,0.0
640,0,0,1000,0.15,0.30000000000000004,19,0.8433108524848795
641,0,1,1000,0.15,0.30000000000000004,19,-0.001287374676684817
642,0,2,1000,0.15,0.30000000000000004,19,-0.0014644221499941518
643,0,3,1000,0.15,0.30000000000000004,19,0.8657186126813393
644,0,4,1000,0.15,0.30000000000000004,19,0.853100861739956
645,0,5,1000,0.15,0.30000000000000004,19,-0.0012681462205459274
646,0,6,1000,0.15,0.30000000000000004,19,-9.648603612734485e-06
647,0,7,1000,0.15,0.30000000000000004,19,-0.0006306767652554892
648,0,8,1000,0.15,0.30000000000000004,19,0.0006242656347370648
649,0,9,1000,0.15,0.30000000000000004,19,-0.0012774079551173263
650,0,0,1000,0.15,0.2,28,0.20657109831666823
651,0,1,1000,0.15,0.2,28,0.1637901164918355
652,0,2,1000,0.15,0.2,28,0.22251662842205
653,0,3,1000,0.15,0.2,28,0.21263800999868068
654,0,4,1000,0.15,0.2,28,0.2236642413380711
655,0,5,1000,0.15,0.2,28,0.1362835471880275
656,0,6,1000,0.15,0.2,28,0.20790749490356872
657,0,7,1000,0.15,0.2,28,0.15093748327477793
658,0,8,1000,0.15,0.2,28,0.15238141879303
659,0,9,1000,0.15,0.2,28,0.11970503530195294
660,0,0,1000,0.15,0.30000000000000004,40,0.5508746663767368
661,0,1,1000,0.15,0.30000000000000004,40,0.42784728693399204
662,0,2,1000,0.15,0.30000000000000004,40,0.5497792350875791
663,0,3,1000,0.15,0.30000000000000004,40,0.43750533416081144
664,0,4,1000,0.15,0.30000000000000004,40,0.5547797042269746
665,0,5,1000,0.15,0.30000000000000004,40,0.5046557576187766
666,0,6,1000,0.15,0.30000000000000004,40,0.5334201143026797
667,0,7,1000,0.15,0.30000000000000004,40,0.6209072370533231
668,0,8,1000,0.15,0.30000000000000004,40,0.6186876489635308
669,0,9,1000,0.15,0.30000000000000004,40,0.6728810714480216
670,0,0,1000,0.15,0.5,32,0.0
671,0,1,1000,0.15,0.5,32,-0.0019639383428120844
672,0,2,1000,0.15,0.5,32,0.0
673,0,3,1000,0.15,0.5,32,2.6027032913109256e-15
674,0,4,1000,0.15,0.5,32,2.6027032913109256e-15
675,0,5,1000,0.15,0.5,32,2.6027032913109256e-15
676,0,6,1000,0.15,0.5,32,2.6027032913109256e-15
677,0,7,1000,0.15,0.5,32,0.0
678,0,8,1000,0.15,0.5,32,-0.0019639383428120844
679,0,9,1000,0.15,0.5,32,0.0
680,0,0,1000,0.15,0.30000000000000004,37,0.5656606542272994
681,0,1,1000,0.15,0.30000000000000004,37,0.5455822320837148
682,0,2,1000,0.15,0.30000000000000004,37,0.5804703114275849
683,0,3,1000,0.15,0.30000000000000004,37,0.6320099130606845
684,0,4,1000,0.15,0.30000000000000004,37,0.6570741591731255
685,0,5,1000,0.15,0.30000000000000004,37,0.6137402904032573
686,0,6,1000,0.15,0.30000000000000004,37,0.7576849613463071
687,0,7,1000,0.15,0.30000000000000004,37,0.7359995825264726
688,0,8,1000,0.15,0.30000000000000004,37,0.6566678094895317
689,0,9,1000,0.15,0.30000000000000004,37,0.7122492361141819
690,0,0,1000,0.15,0.4,47,0.8056669264375
691,0,1,1000,0.15,0.4,47,0.841291969946796
692,0,2,1000,0.15,0.4,47,0.7750466162412877
693,0,3,1000,0.15,0.4,47,0.855113027622603
694,0,4,1000,0.15,0.4,47,0.8360212183877124
695,0,5,1000,0.15,0.4,47,0.7086694198578704
696,0,6,1000,0.15,0.4,47,0.8287060483058307
697,0,7,1000,0.15,0.4,47,0.860399657682281
698,0,8,1000,0.15,0.4,47,0.7858845432478581
699,0,9,1000,0.15,0.4,47,0.8139990878267189
700,0,0,1000,0.15,0.4,48,0.8107138379431654
701,0,1,1000,0.15,0.4,48,0.787172304350298
702,0,2,1000,0.15,0.4,48,0.7763782701907608
703,0,3,1000,0.15,0.4,48,0.8526820998163204
704,0,4,1000,0.15,0.4,48,0.8236741093932582
705,0,5,1000,0.15,0.4,48,0.6977126771423489
706,0,6,1000,0.15,0.4,48,0.8232644666954729
707,0,7,1000,0.15,0.4,48,0.8594348232473612
708,0,8,1000,0.15,0.4,48,0.7559115476942885
709,0,9,1000,0.15,0.4,48,0.8077155903526444
710,0,0,1000,0.15,0.4,52,0.7649958339219269
711,0,1,1000,0.15,0.4,52,0.7348995808092017
712,0,2,1000,0.15,0.4,52,0.7504613506258185
713,0,3,1000,0.15,0.4,52,0.8237476962944584
714,0,4,1000,0.15,0.4,52,0.79469434564973
715,0,5,1000,0.15,0.4,52,0.6813298446706166
716,0,6,1000,0.15,0.4,52,0.8022049958841394
717,0,7,1000,0.15,0.4,52,0.806942399969675
718,0,8,1000,0.15,0.4,52,0.7311563194636445
719,0,9,1000,0.15,0.4,52,0.7803345248032344
720,0,0,1000,0.15,0.30000000000000004,56,0.07674530709051912
721,0,1,1000,0.15,0.30000000000000004,56,0.15604495796992293
722,0,2,1000,0.15,0.30000000000000004,56,0.1770602295007487
723,0,3,1000,0.15,0.30000000000000004,56,0.19353045096379282
724,0,4,1000,0.15,0.30000000000000004,56,0.2038797439382258
725,0,5,1000,0.15,0.30000000000000004,56,0.0
726,0,6,1000,0.15,0.30000000000000004,56,0.1879100373720133
727,0,7,1000,0.15,0.30000000000000004,56,0.0
728,0,8,1000,0.15,0.30000000000000004,56,0.1584209427481761
729,0,9,1000,0.15,0.30000000000000004,56,0.08805210078132826
730,0,0,1000,0.15,0.4,26,-0.0002308111704738832
731,0,1,1000,0.15,0.4,26,-0.0013392348928554362
732,0,2,1000,0.15,0.4,26,-0.0013392348928554362
733,0,3,1000,0.15,0.4,26,0.0010717661423668878
734,0,4,1000,0.15,0.4,26,-0.0002308111704738832
735,0,5,1000,0.15,0.4,26,-0.0016939024146384429
736,0,6,1000,0.15,0.4,26,0.0010717661423668878
737,0,7,1000,0.15,0.4,26,-0.0016939024146384429
738,0,8,1000,0.15,0.4,26,-0.0013010005705689327
739,0,9,1000,0.15,0.4,26,0.0
740,0,0,1000,0.15,0.2,42,0.0
741,0,1,1000,0.15,0.2,42,0.0
742,0,2,1000,0.15,0.2,42,0.0
743,0,3,1000,0.15,0.2,42,0.0
744,0,4,1000,0.15,0.2,42,0.0
745,0,5,1000,0.15,0.2,42,0.0
746,0,6,1000,0.15,0.2,42,0.0
747,0,7,1000,0.15,0.2,42,0.0
748,0,8,1000,0.15,0.2,42,0.0
749,0,9,1000,0.15,0.2,42,0.0
750,0,0,1000,0.15,0.30000000000000004,34,0.7165091867945951
751,0,1,1000,0.15,0.30000000000000004,34,0.6675890705633281
752,0,2,1000,0.15,0.30000000000000004,34,0.6415065721015929
753,0,3,1000,0.15,0.30000000000000004,34,0.6608930586207321
754,0,4,1000,0.15,0.30000000000000004,34,0.7756921563612199
755,0,5,1000,0.15,0.30000000000000004,34,0.6572656280677951
756,0,6,1000,0.15,0.30000000000000004,34,0.8030526984627667
757,0,7,1000,0.15,0.30000000000000004,34,0.7794023950148521
758,0,8,1000,0.15,0.30000000000000004,34,0.6760708624007108
759,0,9,1000,0.15,0.30000000000000004,34,0.7550285618289139
760,0,0,1000,0.15,0.4,46,0.8077227600782892
761,0,1,1000,0.15,0.4,46,0.841291969946796
762,0,2,1000,0.15,0.4,46,0.803242254053265
763,0,3,1000,0.15,0.4,46,0.855113027622603
764,0,4,1000,0.15,0.4,46,0.8360212183877124
765,0,5,1000,0.15,0.4,46,0.7086694198578704
766,0,6,1000,0.15,0.4,46,0.8378939311168666
767,0,7,1000,0.15,0.4,46,0.8463022760358005
768,0,8,1000,0.15,0.4,46,0.7745573932760064
769,0,9,1000,0.15,0.4,46,0.8208181412794044
770,0,0,1000,0.15,0.5,47,0.004033840038729443
771,0,1,1000,0.15,0.5,47,-0.0002308111704738832
772,0,2,1000,0.15,0.5,47,0.0024744386032052447
773,0,3,1000,0.15,0.5,47,-0.0013392348928554362
774,0,4,1000,0.15,0.5,47,-0.0016939024146384429
775,0,5,1000,0.15,0.5,47,-0.0013252154887270539
776,0,6,1000,0.15,0.5,47,-0.0013392348928554362
777,0,7,1000,0.15,0.5,47,-0.0016939024146384429
778,0,8,1000,0.15,0.5,47,-0.0014644221499941518
779,0,9,1000,0.15,0.5,47,2.6027032913109256e-15
780,0,0,1000,0.15,0.9,51,0.0
781,0,1,1000,0.15,0.9,51,0.0
782,0,2,1000,0.15,0.9,51,0.0
783,0,3,1000,0.15,0.9,51,0.0
784,0,4,1000,0.15,0.9,51,0.0
785,0,5,1000,0.15,0.9,51,0.0
786,0,6,1000,0.15,0.9,51,0.0
787,0,7,1000,0.15,0.9,51,0.0
788,0,8,1000,0.15,0.9,51,0.0
789,0,9,1000,0.15,0.9,51,0.0
790,0,0,1000,0.15,0.4,39,-0.00077482827497245
791,0,1,1000,0.15,0.4,39,0.8187921584147073
792,0,2,1000,0.15,0.4,39,0.8448000609482101
793,0,3,1000,0.15,0.4,39,0.8586360659009966
794,0,4,1000,0.15,0.4,39,0.8262162704579296
795,0,5,1000,0.15,0.4,39,0.00043235149545771607
796,0,6,1000,0.15,0.4,39,0.8431445973182122
797,0,7,1000,0.15,0.4,39,-0.0014644221499941518
798,0,8,1000,0.15,0.4,39,0.8002716039409403
799,0,9,1000,0.15,0.4,39,0.8527557480678092
800,0,0,1000,0.15,0.4,63,0.5540023916397494
801,0,1,1000,0.15,0.4,63,0.5028853927309945
802,0,2,1000,0.15,0.4,63,0.5474732696404404
803,0,3,1000,0.15,0.4,63,0.599919474556376
804,0,4,1000,0.15,0.4,63,0.7054759184436827
805,0,5,1000,0.15,0.4,63,0.5956335276890166
806,0,6,1000,0.15,0.4,63,0.5001214038746014
807,0,7,1000,0.15,0.4,63,0.6107323658181953
808,0,8,1000,0.15,0.4,63,0.6427007555032954
809,0,9,1000,0.15,0.4,63,0.6501965893634691
810,0,0,1000,0.15,0.30000000000000004,21,0.828155409975131
811,0,1,1000,0.15,0.30000000000000004,21,0.8572854026043427
812,0,2,1000,0.15,0.30000000000000004,21,0.8458742135699893
813,0,3,1000,0.15,0.30000000000000004,21,0.8444834394083608
814,0,4,1000,0.15,0.30000000000000004,21,0.853100861739956
815,0,5,1000,0.15,0.30000000000000004,21,-0.001007167722846393
816,0,6,1000,0.15,0.30000000000000004,21,0.0006242656347370648
817,0,7,1000,0.15,0.30000000000000004,21,0.8671316677215248
818,0,8,1000,0.15,0.30000000000000004,21,0.8363123877093562
819,0,9,1000,0.15,0.30000000000000004,21,-0.00044120723716525374
820,0,0,1000,0.15,0.4,29,-0.0013010005705689327
821,0,1,1000,0.15,0.4,29,-0.0013252154887270539
822,0,2,1000,0.15,0.4,29,-0.0013252154887270539
823,0,3,1000,0.15,0.4,29,0.0010717661423668878
824,0,4,1000,0.15,0.4,29,-0.0002308111704738832
825,0,5,1000,0.15,0.4,29,-0.0013252154887270539
826,0,6,1000,0.15,0.4,29,-0.0006043380522977346
827,0,7,1000,0.15,0.4,29,-0.0016939024146384429
828,0,8,1000,0.15,0.4,29,-0.0013010005705689327
829,0,9,1000,0.15,0.4,29,-0.0016939024146384429
830,0,0,1000,0.15,0.5,45,0.004033840038729443
831,0,1,1000,0.15,0.5,45,-0.0002308111704738832
832,0,2,1000,0.15,0.5,45,0.0010717661423668878
833,0,3,1000,0.15,0.5,45,-0.0013392348928554362
834,0,4,1000,0.15,0.5,45,-0.0013392348928554362
835,0,5,1000,0.15,0.5,45,-0.0013252154887270539
836,0,6,1000,0.15,0.5,45,-0.0013392348928554362
837,0,7,1000,0.15,0.5,45,-0.0013392348928554362
838,0,8,1000,0.15,0.5,45,-0.0013252154887270539
839,0,9,1000,0.15,0.5,45,2.6027032913109256e-15
840,0,0,1000,0.15,0.30000000000000004,42,0.5254757383423073
841,0,1,1000,0.15,0.30000000000000004,42,0.4139651963244658
842,0,2,1000,0.15,0.30000000000000004,42,0.49192383531169703
843,0,3,1000,0.15,0.30000000000000004,42,0.42679067253697833
844,0,4,1000,0.15,0.30000000000000004,42,0.49981138323696866
845,0,5,1000,0.15,0.30000000000000004,42,0.4417264080805335
846,0,6,1000,0.15,0.30000000000000004,42,0.4304387734078242
847,0,7,1000,0.15,0.30000000000000004,42,0.4967250761622533
848,0,8,1000,0.15,0.30000000000000004,42,0.5270515166970673
849,0,9,1000,0.15,0.30000000000000004,42,0.5198679229240212
850,0,0,1000,0.15,0.4,54,0.7586700666281531
851,0,1,1000,0.15,0.4,54,0.710563529971212
852,0,2,1000,0.15,0.4,54,0.736398950262727
853,0,3,1000,0.15,0.4,54,0.8165533045242257
854,0,4,1000,0.15,0.4,54,0.7927518580511799
855,0,5,1000,0.15,0.4,54,0.6553275839096063
856,0,6,1000,0.15,0.4,54,0.7894384733460803
857,0,7,1000,0.15,0.4,54,0.7860122605641672
858,0,8,1000,0.15,0.4,54,0.7351780034369982
859,0,9,1000,0.15,0.4,54,0.7743063181010358
860,0,0,1000,0.15,0.2,14,0.7107102582593982
861,0,1,1000,0.15,0.2,14,0.579833477060704
862,0,2,1000,0.15,0.2,14,0.6371297281093863
863,0,3,1000,0.15,0.2,14,0.6449858265572768
864,0,4,1000,0.15,0.2,14,0.7839764008920792
865,0,5,1000,0.15,0.2,14,0.7288339571729034
866,0,6,1000,0.15,0.2,14,0.7312925153949902
867,0,7,1000,0.15,0.2,14,0.7291494025656
868,0,8,1000,0.15,0.2,14,0.6823394667741645
869,0,9,1000,0.15,0.2,14,0.7423903979800986
870,0,0,1000,0.15,0.30000000000000004,32,0.7488072345769073
871,0,1,1000,0.15,0.30000000000000004,32,0.7451942828272866
872,0,2,1000,0.15,0.30000000000000004,32,0.752800627141735
873,0,3,1000,0.15,0.30000000000000004,32,0.7934073032168117
874,0,4,1000,0.15,0.30000000000000004,32,0.7907700898384795
875,0,5,1000,0.15,0.30000000000000004,32,0.66970455826119
876,0,6,1000,0.15,0.30000000000000004,32,0.8127135849910144
877,0,7,1000,0.15,0.30000000000000004,32,0.7998824375927074
878,0,8,1000,0.15,0.30000000000000004,32,0.735754323883005
879,0,9,1000,0.15,0.30000000000000004,32,0.7792687552210099
880,0,0,1000,0.15,0.4,25,0.004033840038729443
881,0,1,1000,0.15,0.4,25,-0.0013392348928554362
882,0,2,1000,0.15,0.4,25,-0.0013392348928554362
883,0,3,1000,0.15,0.4,25,0.0010717661423668878
884,0,4,1000,0.15,0.4,25,-0.0002308111704738832
885,0,5,1000,0.15,0.4,25,-0.0016939024146384429
886,0,6,1000,0.15,0.4,25,0.0010717661423668878
887,0,7,1000,0.15,0.4,25,-0.0016939024146384429
888,0,8,1000,0.15,0.4,25,-0.0006043380522977346
889,0,9,1000,0.15,0.4,25,0.0
890,0,0,1000,0.15,0.5,21,0.0
891,0,1,1000,0.15,0.5,21,-0.0019639383428120844
892,0,2,1000,0.15,0.5,21,0.0
893,0,3,1000,0.15,0.5,21,2.6027032913109256e-15
894,0,4,1000,0.15,0.5,21,2.6027032913109256e-15
895,0,5,1000,0.15,0.5,21,0.0
896,0,6,1000,0.15,0.5,21,0.0
897,0,7,1000,0.15,0.5,21,0.0
898,0,8,1000,0.15,0.5,21,0.0
899,0,9,1000,0.15,0.5,21,0.0
900,0,0,1000,0.15,0.2,37,0.0
901,0,1,1000,0.15,0.2,37,0.0
902,0,2,1000,0.15,0.2,37,0.0
903,0,3,1000,0.15,0.2,37,0.0
904,0,4,1000,0.15,0.2,37,0.0
905,0,5,1000,0.15,0.2,37,0.0
906,0,6,1000,0.15,0.2,37,0.0
907,0,7,1000,0.15,0.2,37,0.0
908,0,8,1000,0.15,0.2,37,0.0
909,0,9,1000,0.15,0.2,37,0.0
910,0,0,1000,0.15,0.4,49,0.7926354226036515
911,0,1,1000,0.15,0.4,49,0.7893703733563447
912,0,2,1000,0.15,0.4,49,0.7627027131142532
913,0,3,1000,0.15,0.4,49,0.8458195015723501
914,0,4,1000,0.15,0.4,49,0.8236741093932582
915,0,5,1000,0.15,0.4,49,0.7070439893523912
916,0,6,1000,0.15,0.4,49,0.8181939312684349
917,0,7,1000,0.15,0.4,49,0.8594348232473612
918,0,8,1000,0.15,0.4,49,0.7464479573473545
919,0,9,1000,0.15,0.4,49,0.8137052196504455
920,0,0,1000,0.15,0.4,46,0.8077227600782892
921,0,1,1000,0.15,0.4,46,0.841291969946796
922,0,2,1000,0.15,0.4,46,0.803242254053265
923,0,3,1000,0.15,0.4,46,0.855113027622603
924,0,4,1000,0.15,0.4,46,0.8360212183877124
925,0,5,1000,0.15,0.4,46,0.7086694198578704
926,0,6,1000,0.15,0.4,46,0.8378939311168666
927,0,7,1000,0.15,0.4,46,0.8463022760358005
928,0,8,1000,0.15,0.4,46,0.7745573932760064
929,0,9,1000,0.15,0.4,46,0.8208181412794044
930,0,0,1000,0.15,0.30000000000000004,45,0.45524541252720224
931,0,1,1000,0.15,0.30000000000000004,45,0.33481496890912404
932,0,2,1000,0.15,0.30000000000000004,45,0.4138951495554736
933,0,3,1000,0.15,0.30000000000000004,45,0.3841302814761921
934,0,4,1000,0.15,0.30000000000000004,45,0.4026849829187279
935,0,5,1000,0.15,0.30000000000000004,45,0.327334736105114
936,0,6,1000,0.15,0.30000000000000004,45,0.35420898393589506
937,0,7,1000,0.15,0.30000000000000004,45,0.357238606638102
938,0,8,1000,0.15,0.30000000000000004,45,0.38126103208594103
939,0,9,1000,0.15,0.30000000000000004,45,0.3419012388650411
940,0,0,1000,0.15,0.4,41,0.8311585653648597
941,0,1,1000,0.15,0.4,41,0.8345040322797574
942,0,2,1000,0.15,0.4,41,0.8498894065128946
943,0,3,1000,0.15,0.4,41,0.8473882566974773
944,0,4,1000,0.15,0.4,41,0.8479568951518488
945,0,5,1000,0.15,0.4,41,0.7690912603135323
946,0,6,1000,0.15,0.4,41,0.8379186502012786
947,0,7,1000,0.15,0.4,41,0.8299672183917319
948,0,8,1000,0.15,0.4,41,0.8099915531866783
949,0,9,1000,0.15,0.4,41,0.8426108285031828
950,0,0,1000,0.15,0.6000000000000001,50,0.0
951,0,1,1000,0.15,0.6000000000000001,50,2.6027032913109256e-15
952,0,2,1000,0.15,0.6000000000000001,50,0.0
953,0,3,1000,0.15,0.6000000000000001,50,0.0
954,0,4,1000,0.15,0.6000000000000001,50,2.6027032913109256e-15
955,0,5,1000,0.15,0.6000000000000001,50,2.6027032913109256e-15
956,0,6,1000,0.15,0.6000000000000001,50,0.0
957,0,7,1000,0.15,0.6000000000000001,50,2.6027032913109256e-15
958,0,8,1000,0.15,0.6000000000000001,50,-0.0019639383428120844
959,0,9,1000,0.15,0.6000000000000001,50,0.0
960,0,0,1000,0.15,0.4,41,0.8311585653648597
961,0,1,1000,0.15,0.4,41,0.8345040322797574
962,0,2,1000,0.15,0.4,41,0.8498894065128946
963,0,3,1000,0.15,0.4,41,0.8473882566974773
964,0,4,1000,0.15,0.4,41,0.8479568951518488
965,0,5,1000,0.15,0.4,41,0.7690912603135323
966,0,6,1000,0.15,0.4,41,0.8379186502012786
967,0,7,1000,0.15,0.4,41,0.8299672183917319
968,0,8,1000,0.15,0.4,41,0.8099915531866783
969,0,9,1000,0.15,0.4,41,0.8426108285031828
970,0,0,1000,0.15,0.5,41,2.6027032913109256e-15
971,0,1,1000,0.15,0.5,41,-0.0019639383428120844
972,0,2,1000,0.15,0.5,41,0.004033840038729443
973,0,3,1000,0.15,0.5,41,-0.0013392348928554362
974,0,4,1000,0.15,0.5,41,2.6027032913109256e-15
975,0,5,1000,0.15,0.5,41,-0.0013252154887270539
976,0,6,1000,0.15,0.5,41,2.6027032913109256e-15
977,0,7,1000,0.15,0.5,41,-0.0019639383428120844
978,0,8,1000,0.15,0.5,41,-0.0002308111704738832
979,0,9,1000,0.15,0.5,41,0.0
980,0,0,1000,0.15,0.4,44,0.8090216292280614
981,0,1,1000,0.15,0.4,44,0.8392945322038743
982,0,2,1000,0.15,0.4,44,0.8002038127804846
983,0,3,1000,0.15,0.4,44,0.8492042410964277
984,0,4,1000,0.15,0.4,44,0.8387212082745904
985,0,5,1000,0.15,0.4,44,0.7191503546541363
986,0,6,1000,0.15,0.4,44,0.8342692254740736
987,0,7,1000,0.15,0.4,44,0.8506774726681412
988,0,8,1000,0.15,0.4,44,0.7843055208533979
989,0,9,1000,0.15,0.4,44,0.8585985830961526
990,0,0,1000,0.15,0.4,38,-0.00077482827497245
991,0,1,1000,0.15,0.4,38,-5.508157038192797e-05
992,0,2,1000,0.15,0.4,38,0.8349314733537595
993,0,3,1000,0.15,0.4,38,0.0003248733053123275
994,0,4,1000,0.15,0.4,38,0.832468589317766
995,0,5,1000,0.15,0.4,38,0.0017672193549176413
996,0,6,1000,0.15,0.4,38,0.002158644341579348
997,0,7,1000,0.15,0.4,38,-0.0006043380522977346
998,0,8,1000,0.15,0.4,38,0.8002716039409403
999,0,9,1000,0.15,0.4,38,-0.0002866397459334889
